"WS","WS_l","WS_dl","PS","PS_l","PS_dl","Y","Y_l","Y_dl","Yrw","Yrw_l","Yrw_dl","Tax","Yf","Yf_l","Yf_dl","C","C_l","C_dl","W","W_l","W_dl","R","R_l","R_dl","It","It_l","It_dl","Itcurr","Itcurr_l","Itcurr_dl","Ipr","Ipr_l","Ipr_dl","Ips","Ips_l","Ips_dl","I","I_l","I_dl","r","r_l","r_dl","P","P_l","P_dl","Pm","Pm_l","Pm_dl","Px","Px_l","Px_dl","X","X_l","X_dl","M","M_l","M_dl","rulc","rulc_l","rulc_dl","ulc","ulc_l","ulc_dl","Tau","Tau_l","Tau_dl","dPxdPm","dPdPm","Trade"
NA,NA,NA,NA,NA,NA,NA,NA,NA,5854184991223.48,29.3981779045229,NA,NA,NA,NA,NA,NA,NA,NA,NA,NA,NA,NA,NA,NA,NA,NA,NA,NA,NA,NA,NA,NA,NA,NA,NA,NA,NA,NA,NA,NA,NA,NA,22.1909044,3.09968249321175,NA,45.5183202,3.81811488667671,NA,37.0930145,3.6134286634752,NA,NA,NA,NA,NA,NA,NA,NA,NA,NA,NA,NA,NA,52.8354302,3.96718199218974,NA,NA,NA,NA
NA,NA,NA,NA,NA,NA,NA,NA,NA,6207344898946.84,29.4567543679428,0.0585764634198576,NA,NA,NA,NA,NA,NA,NA,NA,NA,NA,NA,NA,NA,NA,NA,NA,NA,NA,NA,NA,NA,NA,NA,NA,NA,NA,NA,NA,NA,NA,NA,23.2407732,3.14590820165402,0.0462257084422744,44.435464,3.79403788935489,-0.0240769973218153,36.7602387,3.60441679093757,-0.00901187253762981,NA,NA,NA,NA,NA,NA,NA,NA,NA,NA,NA,NA,53.7450104,3.98425083293138,0.0170688407416404,0.0150651247841857,0.0703027057640899,NA
NA,NA,NA,NA,NA,NA,NA,NA,NA,6565109011061.34,29.5127902284291,0.0560358604863573,NA,NA,NA,NA,NA,NA,NA,NA,NA,NA,NA,NA,NA,NA,NA,NA,NA,NA,NA,NA,NA,NA,NA,NA,NA,NA,NA,NA,NA,NA,NA,24.1510996,3.18432991115312,0.038421709499104,44.3308407,3.79168061316094,-0.00235727619395032,37.476679,3.62371884618716,0.0193020552495944,NA,NA,NA,NA,NA,NA,NA,NA,NA,NA,NA,NA,55.0711092,4.00862524470947,0.0243744117780849,0.0216593314435449,0.0407789856930542,NA
NA,NA,NA,NA,NA,NA,NA,NA,NA,6960971535373.75,29.5713401689491,0.0585499405199634,NA,NA,NA,NA,NA,NA,NA,NA,NA,NA,NA,NA,NA,NA,NA,NA,NA,NA,NA,NA,NA,NA,NA,NA,NA,NA,NA,NA,NA,NA,NA,24.8961519,3.21471324935912,0.0303833382059908,45.383096,3.81513970091173,0.023459087750787,37.8346388,3.63322505338491,0.00950620719774831,NA,NA,NA,NA,NA,NA,NA,NA,NA,NA,NA,NA,55.5458654,4.01720908307255,0.00858383836308096,-0.0139528805530387,0.00692425045520406,NA
NA,NA,NA,NA,NA,NA,NA,NA,NA,7442612602094.99,29.6382430593282,0.0669028903791151,NA,NA,NA,NA,NA,NA,NA,NA,NA,NA,NA,NA,NA,NA,NA,NA,NA,NA,NA,NA,NA,NA,NA,NA,NA,NA,NA,NA,NA,NA,NA,25.6493737,3.24451915416468,0.029805904805563,46.1956546,3.83288573738707,0.0177460364753408,38.8377042,3.6593915325103,0.0261664791253891,NA,NA,NA,NA,NA,NA,NA,NA,NA,NA,NA,NA,58.094388,4.06206906710993,0.0448599840373873,0.0084204426500484,0.0120598683302224,NA
NA,NA,NA,NA,NA,NA,NA,NA,NA,7818716557964.67,29.6875415339937,0.0492984746654876,NA,NA,NA,NA,NA,NA,NA,NA,NA,NA,NA,NA,NA,NA,NA,NA,NA,NA,NA,NA,NA,NA,NA,NA,NA,NA,NA,NA,NA,NA,NA,26.6049567,3.28109754053338,0.0365783863687041,47.554587,3.86187825121574,0.0289925138286731,39.885569,3.68601457927613,0.0266230467658266,NA,NA,NA,NA,NA,NA,NA,NA,NA,NA,NA,NA,59.8683761,4.09214842080124,0.0300793536913062,-0.00236946706284658,0.00758587254003085,NA
NA,NA,NA,NA,NA,NA,NA,NA,NA,8273511627835.4,29.7440801573086,0.056538623314875,NA,NA,NA,NA,NA,NA,NA,NA,NA,NA,NA,NA,NA,NA,NA,NA,NA,NA,NA,NA,NA,NA,NA,NA,NA,NA,NA,NA,NA,NA,NA,27.5208814,3.31494504016855,0.0338474996351659,48.4073994,3.87965268220289,0.0177744309871528,40.9000248,3.71113066940554,0.0251160901294134,NA,NA,NA,NA,NA,NA,NA,NA,NA,NA,NA,NA,60.6038756,4.10435884482569,0.0122104240244516,0.00734165914226084,0.0160730686480132,NA
NA,NA,NA,NA,NA,NA,NA,NA,NA,8749690598281.46,29.8000394554765,0.0559592981679131,NA,NA,NA,NA,NA,NA,NA,NA,NA,NA,NA,NA,NA,NA,NA,NA,NA,NA,NA,NA,NA,NA,NA,NA,NA,NA,NA,NA,NA,NA,NA,27.9518303,3.33048268225135,0.0155376420827995,47.7293902,3.86554735490435,-0.0141053272985485,40.9905191,3.71334079850046,0.00221012909492346,NA,NA,NA,NA,NA,NA,NA,NA,NA,NA,NA,NA,60.8216565,4.10794591798487,0.00358707315917517,0.0163154563934718,0.0296429693813478,NA
NA,NA,NA,NA,NA,NA,NA,NA,NA,9361067659659.06,29.8675804661159,0.0675410106394061,NA,NA,NA,NA,NA,NA,NA,NA,NA,NA,NA,NA,NA,NA,NA,NA,NA,NA,NA,NA,NA,NA,NA,NA,NA,NA,NA,NA,NA,NA,NA,28.593774,3.3531890018197,0.0227063195683566,48.0452534,3.87214334593741,0.00659599103306086,41.0107048,3.71383312530847,0.000492326808008148,NA,NA,NA,NA,NA,NA,NA,NA,NA,NA,NA,NA,63.2521999,4.14712990803045,0.0391839900455846,-0.0061036642250526,0.0161103285352958,NA
NA,NA,NA,NA,NA,NA,NA,NA,NA,10028831773805.2,29.936485237919,0.0689047718030977,NA,NA,NA,NA,NA,NA,NA,NA,NA,NA,NA,NA,NA,NA,NA,NA,NA,NA,NA,NA,NA,NA,NA,NA,NA,NA,NA,NA,NA,NA,NA,29.7855257,3.39402256074863,0.0408335589289264,48.9495583,3.89079034544245,0.0186469995050409,42.6565017,3.75317970546127,0.0393465801527935,NA,NA,NA,NA,NA,NA,NA,NA,NA,NA,NA,NA,66.3217603,4.1945180529959,0.047388144965451,0.0206995806477527,0.0221865594238856,NA
NA,NA,NA,NA,NA,NA,NA,NA,NA,10429339845200,29.9756440890934,0.0391588511744274,NA,NA,NA,NA,NA,NA,NA,NA,NA,NA,NA,NA,NA,NA,NA,NA,NA,NA,NA,NA,NA,NA,NA,NA,NA,NA,NA,NA,NA,NA,NA,32.0791438,3.46820609311596,0.0741835323673263,45.7447977,3.82307807378048,-0.0677122716619665,44.0808722,3.78602595140027,0.032846245939,NA,NA,NA,NA,NA,NA,NA,NA,NA,NA,NA,NA,67.9913269,4.21938015145324,0.0248620984573389,0.100558517600966,0.141895804029293,NA
NA,NA,NA,NA,NA,NA,NA,NA,NA,10873921508416.3,30.0173885163456,0.0417444272521692,NA,NA,NA,NA,NA,NA,NA,NA,NA,NA,NA,NA,NA,NA,NA,NA,NA,NA,NA,NA,NA,NA,NA,NA,NA,NA,NA,NA,NA,NA,NA,34.5240032,3.54165482704655,0.0734487339305931,46.4368558,3.8380934499726,0.0150153761921223,46.0056161,3.82876347816726,0.0427375267669934,NA,NA,NA,NA,NA,NA,NA,NA,NA,NA,NA,NA,68.7652076,4.23069791353979,0.0113177620865503,0.0277221505748708,0.0584333577384709,NA
NA,NA,NA,NA,NA,NA,NA,NA,NA,11499460290931.6,30.0733212189731,0.0559327026275334,NA,NA,NA,NA,NA,NA,NA,NA,NA,NA,NA,NA,NA,NA,NA,NA,NA,NA,NA,NA,NA,NA,NA,NA,NA,NA,NA,NA,NA,NA,NA,36.0885817,3.58597651890769,0.0443216918611364,47.2449717,3.85534622922922,0.0172527792566211,47.2149087,3.85470970500565,0.0259462268383963,NA,NA,NA,NA,NA,NA,NA,NA,NA,NA,NA,NA,70.3467824,4.25343704548529,0.0227391319454968,0.00869344758177528,0.027068912604515,NA
NA,NA,NA,NA,NA,NA,NA,NA,NA,12262958966233,30.1376043685586,0.0642831495854708,NA,NA,NA,NA,NA,NA,NA,NA,NA,NA,NA,NA,NA,NA,NA,NA,NA,NA,NA,NA,NA,NA,NA,NA,NA,NA,NA,NA,NA,NA,NA,38.3619883,3.64706708131014,0.0610905624024505,51.2977926,3.93764772201117,0.0823014927819496,50.1147254,3.91431488506443,0.0596051800587767,NA,NA,NA,NA,NA,NA,NA,NA,NA,NA,NA,NA,72.0953875,4.27799006859679,0.0245530231115021,-0.0226963127231727,-0.0212109303794989,NA
NA,NA,NA,NA,NA,NA,NA,NA,NA,12506460299231.1,30.1572664506678,0.0196620821092139,NA,NA,NA,NA,NA,NA,NA,NA,NA,NA,NA,NA,NA,NA,NA,NA,NA,NA,NA,NA,NA,NA,NA,NA,NA,NA,NA,NA,NA,NA,NA,41.1529309,3.71729514937408,0.07022806806394,63.2815565,4.14759392018597,0.2099461981748,57.6250843,4.05395796422247,0.139643079158035,NA,NA,NA,NA,NA,NA,NA,NA,NA,NA,NA,NA,72.3513692,4.28153437757016,0.00354430897336755,-0.0703031190167646,-0.13971813011086,NA
NA,NA,NA,NA,NA,NA,NA,NA,NA,12500159469151.6,30.1567625176876,-0.000503932980244315,NA,NA,NA,NA,NA,NA,NA,NA,NA,NA,NA,NA,NA,NA,NA,NA,NA,NA,NA,NA,NA,NA,NA,NA,NA,NA,NA,NA,NA,NA,NA,43.4849148,3.7724140917435,0.0551189423694223,64.6821591,4.16948541541336,0.0218914952273863,60.3371314,4.09994769199758,0.04598972777511,NA,NA,NA,NA,NA,NA,NA,NA,NA,NA,NA,NA,72.1886861,4.27928333140364,-0.00225104616651883,0.0240982325477232,0.0332274471420364,NA
NA,NA,NA,NA,NA,NA,NA,NA,NA,13098723525589.3,30.2035359005933,0.0467733829057266,NA,NA,NA,NA,NA,NA,NA,NA,NA,NA,NA,NA,NA,NA,NA,NA,NA,NA,NA,NA,NA,NA,NA,NA,NA,NA,NA,NA,NA,NA,NA,44.9226116,3.80494126709387,0.0325271753503658,68.2993355,4.22390003739325,0.054414621979892,62.6447946,4.13748059089894,0.0375328989013637,NA,NA,NA,NA,NA,NA,NA,NA,NA,NA,NA,NA,75.2496788,4.32081163518134,0.0415283037776977,-0.0168817230785277,-0.0218874466295266,NA
NA,NA,NA,NA,NA,NA,NA,NA,NA,13563639235924.7,30.2384137426637,0.0348778420704186,NA,NA,NA,NA,NA,NA,NA,NA,NA,NA,NA,NA,NA,NA,NA,NA,NA,NA,NA,NA,NA,NA,NA,NA,NA,NA,NA,NA,NA,NA,NA,46.3155336,3.8354774037451,0.0305361366512313,69.6028332,4.24280527340842,0.0189052360151711,63.858671,4.15667237592069,0.0191917850217509,NA,NA,NA,NA,NA,NA,NA,NA,NA,NA,NA,NA,76.9125813,4.34266946911139,0.0218578339300572,0.000286549006580233,0.0116309006360606,NA
NA,NA,NA,NA,NA,NA,NA,NA,NA,14036588502053.5,30.2726885008165,0.0342747581528471,NA,NA,NA,NA,NA,NA,NA,NA,NA,NA,NA,NA,NA,NA,NA,NA,NA,NA,NA,NA,NA,NA,NA,NA,NA,NA,NA,NA,NA,NA,NA,47.9578089,3.87032164312735,0.0348442393822563,68.3725997,4.22497215518994,-0.0178331182184852,65.0141883,4.17460552761415,0.0179331516934589,NA,NA,NA,NA,NA,NA,NA,NA,NA,NA,NA,NA,77.9633239,4.35623850969764,0.0135690405862414,0.0357662699119429,0.0526773576007412,NA
NA,NA,NA,NA,NA,NA,NA,NA,NA,14678676905680.7,30.3174170060122,0.0447285051956818,NA,NA,NA,NA,NA,NA,NA,NA,NA,NA,NA,NA,NA,NA,NA,NA,NA,NA,NA,NA,NA,NA,NA,NA,NA,NA,NA,NA,NA,NA,NA,50.0095107,3.91221320133976,0.0418915582124035,74.1667474,4.30631590147692,0.081343746286981,67.9819852,4.21924274654826,0.0446372189341071,NA,NA,NA,NA,NA,NA,NA,NA,NA,NA,NA,NA,79.3908574,4.37438321552755,0.0181447058299158,-0.0367065273528731,-0.0394521880745772,NA
NA,NA,NA,NA,NA,NA,NA,NA,NA,15011964017249.4,30.339868600266,0.0224515942537238,NA,NA,NA,NA,NA,NA,NA,NA,NA,NA,NA,NA,NA,NA,NA,NA,NA,NA,NA,NA,NA,NA,NA,NA,NA,NA,NA,NA,NA,NA,NA,52.7356252,3.96529122716224,0.0530780258224794,83.5266648,4.42516591980114,0.118850018324226,72.0147846,4.27687143960301,0.0576286930547498,NA,NA,NA,NA,NA,NA,NA,NA,NA,NA,NA,NA,78.8563993,4.36762846801066,-0.00675474751689098,-0.0612213252694758,-0.0657719925017464,NA
NA,NA,NA,NA,NA,NA,NA,NA,NA,15272409729886.4,30.3570690308218,0.0172004305558069,NA,NA,NA,NA,NA,NA,NA,NA,NA,NA,NA,NA,NA,NA,NA,NA,NA,NA,NA,NA,NA,NA,NA,NA,NA,NA,NA,NA,NA,NA,NA,54.9374625,4.00619549285131,0.0409042656890701,93.3077081,4.53590272073229,0.110736800931148,76.0587338,4.3315058549779,0.0546344153748928,NA,NA,NA,NA,NA,NA,NA,NA,NA,NA,NA,NA,78.5358833,4.36355563244636,-0.00407283556429672,-0.0561023855562562,-0.0698325352420786,NA
NA,NA,NA,NA,NA,NA,NA,NA,NA,15379875383948.8,30.3640809774991,0.00701194667738747,NA,NA,NA,NA,NA,NA,NA,NA,NA,NA,NA,NA,NA,NA,NA,NA,NA,NA,NA,NA,NA,NA,NA,NA,NA,NA,NA,NA,NA,NA,NA,57.4541794,4.05098775012566,0.0447922572743531,95.8000679,4.56226339374483,0.0263606730125385,79.1888845,4.37183594174857,0.0403300867706653,NA,NA,NA,NA,NA,NA,NA,NA,NA,NA,NA,NA,78.0619111,4.35750224390218,-0.00605338854418669,0.0139694137581271,0.0184315842618149,NA
NA,NA,NA,NA,NA,NA,NA,NA,NA,15672553055768.8,30.3829320853668,0.0188511078676186,NA,NA,NA,NA,NA,NA,NA,NA,NA,NA,NA,NA,NA,NA,NA,NA,NA,NA,NA,NA,NA,NA,NA,NA,NA,NA,NA,NA,NA,NA,NA,59.0674607,4.07868019241477,0.0276924422891121,96.4412896,4.56893442526836,0.00667103152352855,80.8045797,4.39203364337628,0.0201977016277102,NA,NA,NA,NA,NA,NA,NA,NA,NA,NA,NA,NA,79.1797279,4.37172030519822,0.0142180612960461,0.0135266701041815,0.0210214107655836,NA
NA,NA,NA,NA,NA,NA,NA,NA,NA,16200695480447.3,30.4160752881372,0.0331432027704288,NA,NA,NA,NA,NA,NA,NA,NA,NA,NA,NA,NA,NA,NA,NA,NA,NA,NA,NA,NA,NA,NA,NA,NA,NA,NA,NA,NA,NA,NA,NA,60.2423954,4.09837634697729,0.0196961545625172,101.1568856,4.61667263445556,0.0477382091871981,83.3462896,4.42300409230912,0.0309704489328446,NA,NA,NA,NA,NA,NA,NA,NA,NA,NA,NA,NA,80.4644925,4.38781600016053,0.0160956949623063,-0.0167677602543524,-0.0280420546246806,NA
NA,NA,NA,NA,NA,NA,NA,NA,NA,16737727623040.8,30.4486864264376,0.0326111383003855,NA,NA,NA,NA,NA,NA,NA,NA,NA,NA,NA,NA,NA,NA,NA,NA,NA,NA,NA,NA,NA,NA,NA,NA,NA,NA,NA,NA,NA,NA,NA,61.522382,4.11940104356356,0.0210246965862693,103.5197523,4.63976243797538,0.0230898035198264,85.5810373,4.44946373173784,0.0264596394287162,NA,NA,NA,NA,NA,NA,NA,NA,NA,NA,NA,NA,81.1411962,4.39619080009014,0.00837479992961132,0.00336983590888865,-0.0020651069335581,NA
NA,NA,NA,NA,NA,NA,NA,NA,NA,17262010186322,30.4795292598268,0.0308428333891726,NA,NA,NA,NA,NA,NA,NA,NA,NA,NA,NA,NA,NA,NA,NA,NA,NA,NA,NA,NA,NA,NA,NA,NA,NA,NA,NA,NA,NA,NA,NA,63.3677717,4.14895539939069,0.0295543558271278,91.6073097,4.51751106871456,-0.122251369260827,84.6792855,4.43887100858345,-0.0105927231543834,NA,NA,NA,NA,NA,NA,NA,NA,NA,NA,NA,NA,81.5196988,4.40084469410882,0.00465389401868066,0.111658646106444,0.151805725087956,NA
NA,NA,NA,NA,NA,NA,NA,NA,NA,17867872314759.9,30.5140253733642,0.0344961135374753,NA,NA,NA,NA,NA,NA,NA,NA,NA,NA,NA,NA,NA,NA,NA,NA,NA,NA,NA,NA,NA,NA,NA,NA,NA,NA,NA,NA,NA,NA,NA,64.1786692,4.16167090003513,0.0127155006444442,87.2591237,4.46888212524302,-0.0486289434715363,83.8766612,4.42934740075891,-0.00952360782454686,NA,NA,NA,NA,NA,NA,NA,NA,NA,NA,NA,NA,81.4490746,4.39997797341199,-0.000866720696826917,0.0391053356469887,0.0613444441159799,NA
NA,NA,NA,NA,NA,NA,NA,NA,NA,18781415095982,30.5638889380937,0.0498635647294243,NA,NA,NA,NA,NA,NA,NA,NA,NA,NA,NA,NA,NA,NA,NA,NA,NA,NA,NA,NA,NA,NA,NA,NA,NA,NA,NA,NA,NA,NA,NA,65.2635857,4.1784342344918,0.0167633344566731,89.0342342,4.48902094970437,0.0201388244613447,85.3648521,4.44693444816151,0.017587047402607,NA,NA,NA,NA,NA,NA,NA,NA,NA,NA,NA,NA,83.1720637,4.4209115186063,0.0209335451943096,-0.00255177705873669,-0.00337549000467186,NA
NA,NA,NA,NA,NA,NA,NA,NA,NA,19532517712026.9,30.6031017676146,0.0392128295209915,NA,NA,NA,NA,NA,NA,NA,NA,NA,NA,NA,NA,NA,NA,NA,NA,NA,NA,NA,NA,NA,NA,NA,NA,NA,NA,NA,NA,NA,NA,NA,67.1425676,4.20681823329907,0.0283839988072643,93.6876283,4.53996614530818,0.0509451956038101,87.4845959,4.47146273100836,0.0245282828468465,NA,NA,NA,NA,NA,NA,NA,NA,NA,NA,NA,NA,84.7739169,4.43998791175787,0.0190763931515621,-0.0264169127569649,-0.0225611967965459,NA
NA,NA,NA,NA,NA,NA,NA,NA,NA,20259548700219.3,30.6396473390923,0.0365455714776211,NA,NA,NA,NA,NA,NA,NA,NA,NA,NA,NA,NA,NA,NA,NA,NA,NA,NA,NA,NA,NA,NA,NA,NA,NA,NA,NA,NA,NA,NA,NA,69.4231612,4.24022054670598,0.0334023134069135,92.491291,4.52711448873451,-0.0128516565736643,87.5618485,4.47234538366983,0.00088265266147225,NA,NA,NA,NA,NA,NA,NA,NA,NA,NA,NA,NA,86.7755175,4.46332452542929,0.0233366136714235,0.0137343092351371,0.0462539699805785,NA
0.642353885,-0.442615904418192,NA,0.357646115,-1.02821128706189,NA,2215.89,7.70340940764595,NA,20734855792961.9,30.6628372548384,0.0231899157461299,161.021,2054.869,7.62796737793977,NA,1258.567,7.13772905114,NA,1319.95308531606,7.18535147352158,NA,734.915914683935,6.59975609087789,NA,489.4186,6.19321815600766,NA,394.721,5.97817918621926,NA,344.946,5.84338788304142,NA,0.873898272450668,-0.134791303177841,NA,427.702069045224,6.05842685282982,NA,NA,NA,NA,71.5649181,4.27060498322136,0.0303844365153756,95.1067962,4.55500043072033,0.0278859419858204,88.8024817,4.48641459667968,0.0140692130098525,422.599,6.04642373887532,NA,402.716,5.9982315988784,NA,0.595676267917661,-0.518057934124368,NA,42.629523327641,3.75254704909699,NA,88.8505414,4.48695564799796,0.0236311225686752,-0.0138167289759675,0.0024984945295547,0.372453054980166
0.653381863,-0.425593538082273,0.017022366335919,0.346618137,-1.05953157473734,-0.0313202876754535,2258.614,7.72250662980042,0.0190972221544721,21033258305808.9,30.677126029724,0.0142887748856211,173.09,2085.524,7.64277542160243,0.0148080436626561,1295.419,7.16658947392549,0.0288604227854865,1362.64355645121,7.21718188352016,0.0318304099985749,722.880443548788,6.58324384686509,-0.0165122440127963,511.3536,6.23706132741498,0.0438431714073149,428.939,6.06131471767571,0.0831355314564428,373.621,5.92324191462508,0.0798540315836567,0.871035275412121,-0.138072803050627,-0.00328149987278628,445.40702380898,6.09898852436435,0.0405616715345287,2.41115,1.75209472150601,NA,75.3585989,4.32225803800398,0.0516530547826211,93.1167056,4.53385360535044,-0.0211468253698932,89.6927435,4.49638986835648,0.00997527167679468,421.179,6.04305792146703,-0.00336581740829001,414.858,6.02793629300294,0.0297046941245398,0.60330962105575,-0.505324746280265,0.0127331878441027,45.4645677456513,3.81693329172371,0.0643862426267239,90.1206848,4.50114971429239,0.0141940662944213,0.0311220970466883,0.0727998801525148,0.370154882596141
0.654875598,-0.423309988102806,0.00228354997946767,0.345124402,-1.06385034143886,-0.00431876670152165,2236.495,7.71266518723437,-0.00984144256605646,21135766257892.2,30.6819878046907,0.00486177496670237,183.737,2052.758,7.62693953379236,-0.0158358878100673,1296.22,7.16720761559221,0.000618141666724803,1344.30112279928,7.20362954568956,-0.0135523378305997,708.456877200716,6.5630891923535,-0.0201546545115905,488.1461,6.19061474629223,-0.0464465811227495,421.198,6.04310303191047,-0.018211685765241,366.848,5.9049475933256,-0.0182943212994831,0.870963299920702,-0.138155438584868,-0.0000826355342411489,425.157338099421,6.05245930770736,-0.0465292166569906,2.525573,1.77174256097535,0.0196478394693365,78.2872422,4.36038465485553,0.0381266168515522,91.6195798,4.51764500211322,-0.0162086032372217,89.7704391,4.49725573514574,0.000865866789260927,396.195,5.98190651429587,-0.0611514071711596,387.24,5.95904465585187,-0.0688916371510704,0.601074951117389,-0.509035641544809,-0.00371089526454338,47.0565002784802,3.85134901331072,0.0344157215870089,89.0208524,4.48887063891818,-0.0122790753742015,0.0170744700264819,0.0543352200887732,0.350295887091185
0.647078644,-0.435287440090621,-0.0119774519878153,0.352921356,-1.04151003440508,0.0223403070337802,2290.127,7.7363625535258,0.0236973662914375,21723501493188.6,30.7094158085532,0.0274280038625037,199.713,2090.414,7.64511741146679,0.0181778776744306,1314.646,7.18132270684972,0.0141150912575041,1352.66225651862,7.20982997137617,0.00620042568661461,737.751743481384,6.60360737706171,0.040518184708211,505.5972,6.22574030484263,0.0351255585504004,441.679,6.09058337389063,0.047480341980167,388.096,5.96125273169974,0.0563051383741451,0.878683387709173,-0.12933064219089,0.00882479639397804,444.259860512272,6.09640966265174,0.0439503549443785,4.7278219,2.08980533902415,0.318062778048799,79.8885857,4.3806329852455,0.0202483303899683,91.4598465,4.51590003989918,-0.00174496221404041,90.332286,4.50349493804844,0.00623920290269808,427.567,6.05811100124291,0.0762044869470371,419.024,6.03792819751802,0.0788835416661504,0.590649451545096,-0.526532582149631,-0.0174969406048222,47.1861493284184,3.85410040309587,0.00275138978514589,90.2057996,4.50209372211912,0.0132230832009395,0.00798416511673923,0.0219932926040091,0.369669891669763
0.646692181,-0.435884861216568,-0.000597421125947184,0.353307819,-1.04041559352879,0.00109444087629362,2325.276,7.75159402065344,0.015231467127637,22370999766659.3,30.7387865827278,0.0293707741745948,201.007,2124.269,7.66118302217694,0.0160656107101511,1334.995,7.19668282550898,0.0153601186592649,1373.74815264069,7.22529816096038,0.0154681895842046,750.520847359311,6.62076742864816,0.0171600515864458,504.6277,6.22382092966659,-0.00191937517603602,445.973,6.10025841207097,0.00967503818033411,396.118,5.9817121466653,0.020459414965555,0.888210721276849,-0.118546265405669,0.0107843767852213,448.215733393277,6.10527466426093,0.0088650016091858,4.7644388,2.09432503100775,0.00451969198360347,81.4789396,4.4003445770373,0.0197115917917987,91.2553995,4.51366216331471,-0.0022378765844655,91.4195841,4.5154597235605,0.0119647855120624,455.816,6.12208921931089,0.0639782180679749,448.189,6.10521501845075,0.0672868209327264,0.590789288084807,-0.526295859693063,0.000236722456567362,48.136884720189,3.87404871734423,0.0199483142483663,90.5094998,4.50545481536264,0.00336109324352041,0.0142026620965273,0.0219494683762642,0.38877320369711
0.644394517,-0.439444136405771,-0.00355927518920324,0.355605483,-1.03393335645114,0.00648223707765139,2344.365,7.75976985529786,0.00817583464442251,22950590507829.2,30.7643647822927,0.025578199564908,201.371,2142.994,7.66995919565631,0.00877617347936788,1356.305,7.21251936946191,0.0158365439529273,1380.9335835639,7.23051505925054,0.00521689829016392,762.060416436102,6.63602583920518,0.0152584105570179,502.4463,6.21948876855105,-0.00433216111554735,442.442,6.09230938241078,-0.0079490296601854,393.662,5.97549267309828,-0.00621947356702002,0.889748260788985,-0.116816709312504,0.00172955609316486,447.05072156486,6.10267205923854,-0.00260260502238285,5.5999368,2.19226300015477,0.0979379691470172,81.9573688,4.40619921939027,0.00585464235297017,91.2071225,4.51313299161855,-0.000529171696164177,91.0310778,4.51120096249983,-0.00425876106066614,482.503,6.17898713837629,0.0568979190654062,466.522,6.14530517887531,0.04009016042456,0.589043763903615,-0.529254796047322,-0.00295893635425826,48.2764769975887,3.87694442334295,0.00289570599871158,90.4637947,4.50494971209757,-0.000505103265076023,-0.00372958936450169,0.00638381404913402,0.404811110897834
0.635952219,-0.452631845822707,-0.0131877094169356,0.364047781,-1.01047015347657,0.0234632029745649,2386.18,7.77744903987946,0.0176791845815982,23601800210285,30.7923441051478,0.0279793228550318,204.607,2181.573,7.68780145521717,0.0178422595608563,1366.399,7.21993409118392,0.00741472172200908,1387.37619026049,7.23516960939446,0.00465455014392191,794.196809739513,6.6773313017406,0.0413054625354219,505.0518,6.22466099827241,0.00517222972136011,444.213,6.09630417712844,0.00399479471765485,398.265,5.98711761286429,0.0116249397660075,0.896563135252683,-0.109186564264151,0.00763014504835276,452.810825273011,6.11547443400825,0.0128023747697128,5.3437592,2.1632401256727,-0.0290228744820662,82.1878439,4.40900740669793,0.00280818730766352,93.4677576,4.5376165383215,0.0244835467029523,91.8136416,4.51976088789355,0.00855992539371986,541.698,6.29470865057655,0.115721512200258,509.495,6.23342003907194,0.0881148601966295,0.581421431015467,-0.542279430484999,-0.013024634437677,47.7857738124138,3.86672797621293,-0.0102164471300137,91.3784222,4.51500936962581,0.0100596575282381,-0.0159236213092324,-0.0216753593952882,0.440533823936166
0.633037734,-0.457225247240241,-0.00459340141753389,0.366962266,-1.00249625365233,0.00797389982423691,2434.358,7.79743834572279,0.0199893058433309,24050244547740.9,30.8111662807339,0.0188221755861022,211.864,2222.494,7.70638526772187,0.0185838125047049,1386.106,7.23425365590195,0.0143195647180319,1406.9225655886,7.24916002048163,0.0139904110871711,815.571434411404,6.70388901406954,0.026557712328942,525.3508,6.26406622992795,0.0394052316555467,459.252,6.12959907901226,0.0332949018838269,412.749,6.02283966002323,0.0357220471589415,0.898741867210159,-0.106759418989037,0.00242714527511427,472.154758932351,6.15730681093892,0.0418323769306603,3.8602013,1.9762621040744,-0.186978021598309,82.7495299,4.41581833327427,0.00681092657633808,90.9812025,4.5106529192451,-0.0269636190763967,91.1973549,4.51302589337021,-0.00673499452334525,583.291,6.36868620418745,0.0739775536108951,557.469,6.32340689640707,0.0899868573351341,0.577943985883997,-0.548278325241159,-0.00599889475616,47.824593140433,3.86754000803311,0.000812031820178305,91.8232374,4.51986539631322,0.0048560266874178,0.0202286245530505,0.0337745456527338,0.468608150485672
0.640175566,-0.446012818372785,0.0112124288674554,0.359824434,-1.02213904982151,-0.0196427961691745,2480.415,7.81618116386915,0.0187428181463538,24661554915553.5,30.8362666658356,0.0251003851017586,227.168,2253.247,7.72012756602545,0.0137422983035744,1422.157,7.25993001214492,0.0256763562429638,1442.4736735628,7.27411474765266,0.0249547271710293,810.773326437198,6.69798851620394,-0.00590049786560076,547.8919,6.30607800471543,0.04201177478748,474.477,6.1622131447993,0.0326140657870413,425.304,6.05280420734115,0.0299645473179266,0.896363785810482,-0.109408937458151,-0.00264951846911392,491.110457698898,6.19666906725728,0.0393622563183671,4.1374856,2.01396994536298,0.0377078412885861,83.0296443,4.41919770427103,0.00337937099675756,89.6136052,4.49550715220379,-0.0151457670413135,90.4126961,4.50438470112092,-0.00864119224928395,614.095,6.42014963930579,0.0514634351183449,606.871,6.40831624788072,0.0849093514736445,0.581545295268252,-0.542066416216483,0.00621190902467561,48.2854990104615,3.87713128805454,0.00959128002143306,91.8986891,4.52068676484206,0.00082136852883341,0.00650457479203008,0.0185251380380712,0.492242628753656
0.64953959,-0.431491490148691,0.0145213282240939,0.35046041,-1.04850753181155,-0.0263684819900394,2552.228,7.84472198216674,0.0285408182975937,25643737704970.6,30.8753205136816,0.0390538478459703,231.759,2320.469,7.74952459940217,0.0293970333767186,1445.71,7.27635582935487,0.0164258172099556,1507.23648286771,7.31803310925347,0.0439183616008121,813.23251713229,6.70101706759062,0.00302855138667901,559.3441,6.32676484727986,0.0206868425644258,487.502,6.18929439299359,0.0270812481942846,438.5,6.08335981181224,0.0305556044710844,0.899483489298505,-0.105934581181351,0.0034743562767995,503.120782786532,6.22083026609851,0.0241611988412256,5.7598662,2.20996373307145,0.195993787708465,82.6372108,4.41446007303173,-0.00473763123929505,96.2185838,4.56662251780922,0.0711153656054302,93.0977245,4.53364974252353,0.0292650414026046,698.842,6.54942467948756,0.129275040181769,672.463,6.51094709137506,0.10263084349434,0.590557145704737,-0.526688872913264,0.0153775433032185,48.8019953390487,3.88777120011847,0.0106399120639233,92.6183537,4.52848732611597,0.0078005612739096,-0.0418503242028252,-0.0758529968447248,0.537297216392893
0.640814117,-0.445015853195994,-0.0135243630473024,0.359185883,-1.02391524455135,0.0245922872601976,2595.558,7.86155680138632,0.016834819219584,26092386504422.2,30.8926646828917,0.0173441692100766,234.543,2361.015,7.76684689030548,0.0173222909033175,1463.014,7.28825397035233,0.0118981409974568,1512.97174244875,7.32183103710949,0.00379792785601563,848.043257551245,6.74293164575413,0.0419145781635155,544.6804,6.30019920063225,-0.0265656466476063,473.14,6.15939132778426,-0.0299030652093277,423.944,6.04960137103753,-0.0337584407747107,0.896022318975356,-0.109789956746735,-0.00385537556538347,488.045795108425,6.19040924388552,-0.0304210222129901,3.4665297,1.9201599105901,-0.289803822481345,83.7022341,4.42726566889548,0.0128055958637523,96.8208391,4.5728622510718,0.00623973326258476,93.6883364,4.53997370337467,0.00632396085113829,738.447,6.60454933230059,0.0551246528130305,678.058,6.51923283000428,0.00828573862922699,0.582908084677266,-0.539725764276833,-0.0130368913635681,48.7907089624391,3.88753990461865,-0.000231295499815154,93.7283173,4.54040035596735,0.0119130298513825,0.0000842275885530874,0.00656586260116798,0.5457419945923
0.638315731,-0.448922241872629,-0.00390638867663545,0.361684269,-1.01698363281395,0.00693161173739787,2590.407,7.85957028520508,-0.00198651618124224,26459851213860.3,30.9066496515406,0.0139849686489413,235.946,2354.461,7.76406710552009,-0.00277978478539165,1442.666,7.27424806975089,-0.0140059006014361,1502.88949432599,7.31514486364746,-0.00668617346202716,851.571505674009,6.74708347270614,0.00415182695200667,511.5354,6.23741679120805,-0.0627824094242051,442.301,6.09199064578061,-0.067400682003651,394.062,5.97650825732418,-0.0730931137133517,0.890936262861716,-0.115482388456435,-0.00569243170970068,455.745437597473,6.12193440275161,-0.0684748411339058,3.3551269,1.90369529507558,-0.0164646155145183,84.8561688,4.44095769145357,0.0136920225580877,94.3308249,4.5468080174555,-0.0260542336163052,93.0810874,4.53347102078957,-0.00650268258509445,769.677,6.64597094632168,0.0414216140210941,660.439,6.4929047654204,-0.0263280645838844,0.580175043661475,-0.544425421557618,-0.00469965728078581,49.2314314384855,3.89653226989595,0.00899236527730185,93.421651,4.53712312779299,-0.0032772281743636,0.0195515510312114,0.0397462561743928,0.55208158409084
0.640277523,-0.445853566931102,0.00306867494152724,0.359722477,-1.02242244204827,-0.00543880923431361,2571.923,7.85240914711776,-0.00716113808731755,26951574240669.6,30.9250628249605,0.0184131734198729,240.605,2331.318,7.75418905186753,-0.00987805365256644,1448.754,7.27845915565101,0.00421108590012054,1492.69051436531,7.30833548493642,-0.00680937871103904,838.627485634686,6.73176660981926,-0.0153168628868805,503.234,6.22105527067121,-0.0163615205368339,431.772,6.06789767114262,-0.024092974637993,384.947,5.95310566247379,-0.0234025948503822,0.891551559619429,-0.114792008668825,0.000690379787610274,448.659057553524,6.10626326200239,-0.015671140749224,2.6990242,1.80080903147466,-0.102886263600921,85.9889522,4.45421882521076,0.0132611337571884,92.0435208,4.52226151736905,-0.0245465000864513,92.5394168,4.52763468131938,-0.00583633947019369,784.157,6.66460925540407,0.0186383090823892,697.699,6.54778777766338,0.0548830122429855,0.580379161571056,-0.54407366218134,0.000351759376278626,49.9061959822096,3.91014516302942,0.0136128931334665,93.0425055,4.53305643712555,-0.00406669066743337,0.0187101606162575,0.0378076338436393,0.576166549309602
0.628316765,-0.464710836816061,-0.0188572698849591,0.371683235,-0.989713306274282,0.0327091357739839,2602.527,7.86423817507508,0.0118290279573143,27780292663496.7,30.9553479882423,0.030285163281853,238.71,2363.817,7.76803296436208,0.0138439124945515,1458.048,7.28485383383739,0.00639467818637929,1485.22585049201,7.30332212754602,-0.00501335739040787,878.591149507995,6.7783196580878,0.0465530482685361,501.0526,6.21671108559376,-0.00434418507745438,431.938,6.06828205942582,0.000384388283205972,388.023,5.9610646162169,0.00795895374310351,0.898330315924971,-0.107217443208927,0.00757456545989842,450.110740453028,6.10949364238483,0.00323038038244405,2.9072179,1.83461738984358,0.033808358368915,86.9355014,4.46516648049058,0.0109476552798249,91.7616779,4.51919475839936,-0.003066758969692,92.3895421,4.52601379150629,-0.00162088981309427,874.582,6.77374605793008,0.109136802526005,752.339,6.62318702024335,0.0753992425799623,0.5706860487872,-0.560916047529061,-0.0168423853477215,49.6128777933001,3.90425043296152,-0.00589473006789643,93.7180583,4.54029089532852,0.0072344582029622,0.00144586915659696,0.0140144142495166,0.625131266649683
0.623110443,-0.473031499822765,-0.00832066300670381,0.376889557,-0.975803086707662,0.0139102195666199,2621.314,7.87143099775021,0.00719282267513144,28484540321318.7,30.9803826111607,0.0250346229183691,241.117,2380.197,7.77493853634926,0.00690557198718178,1469.103,7.29240728944087,0.00755345560347553,1483.12560709727,7.30190703652649,-0.00141509101952231,897.071392902729,6.7991354496416,0.020815791553801,505.5366,6.22562043940035,0.00890935380658675,436.534,6.07886626457152,0.0105842051456992,392.443,5.97239130374666,0.0113266875297597,0.898997558036716,-0.106474960824866,0.000742482384060494,454.476168898184,6.11914547857548,0.00965183619064724,2.9228396,1.83710867245679,0.00249128261321174,87.2963096,4.46930818932891,0.0041417088383211,94.3320007,4.54682048202022,0.0276257236208641,93.3396064,4.53624452367112,0.0102307321648389,933.067,6.83847700963023,0.0647309517001542,797.099,6.68097888688536,0.0577918666420087,0.565794714825187,-0.569523961223715,-0.00860791369465375,49.3917905954233,3.89978422810519,-0.00446620485633265,94.2184745,4.54561628231085,0.00532538698233509,-0.017394991456024,-0.023484014782542,0.660037675761088
0.60830161,-0.497084450938612,-0.0240529511158469,0.39169839,-0.937263148607285,0.0385399381003775,2721.306,7.90886719111515,0.0374361933649432,29416232180876.7,31.0125677529096,0.032185141748883,250.591,2470.715,7.81226286141681,0.0373243250675515,1488.971,7.30584055633585,0.0134332668949826,1502.93991235115,7.3151784104782,0.0132713739517047,967.77508764885,6.87499971280953,0.0758642631679294,543.5897,6.29819473434177,0.072574294941429,472.315,6.15764613587266,0.0787798713011378,423.515,6.0485889325912,0.0761976288445387,0.896679123042884,-0.109057203281465,-0.00258224245659902,487.425535491145,6.18913753106031,0.0699920524848308,3.3475666,1.9025680472066,0.0654593747498151,87.6446866,4.47329098887942,0.00398279955051883,96.9665848,4.57436643255631,0.0275459505360871,94.3157011,4.54664767737023,0.0104031536991043,1047.766,6.954415557507,0.115938547876771,885.903,6.78660746379898,0.105628576913623,0.55228625974115,-0.593688780636954,-0.0241648194132386,48.4049561484993,3.87960220824247,-0.0201820198627201,97.0046305,4.57475871447741,0.0291424321665552,-0.017142796836983,-0.0235631509855687,0.710566544151962
0.600527665,-0.509946568581571,-0.0128621176429589,0.399472335,-0.917610765234961,0.0196523833723233,2802.512,7.93827143682832,0.029404245713164,30371435559605.9,31.0445236628716,0.0319559099619795,274.177,2528.335,7.83531626231009,0.0230534008932768,1485.286,7.30336262528582,-0.0024779310500298,1518.33511388777,7.32536969372852,0.0101912832503173,1009.99988611222,6.91770549707513,0.0427057842655998,563.2222,6.33367422168062,0.0354794873388409,501.323,6.21725060392712,0.059604468054463,452.027,6.11374191256147,0.0651529799702759,0.901668185979897,-0.103508691365653,0.00554851191581202,507.839539377607,6.23016553031496,0.0410279992546521,2.4146943,1.75270915089009,-0.149858896316518,89.1896353,4.49076483664632,0.0174738477668992,97.1013861,4.57575565016965,0.00138921761333943,94.9149869,4.55298161622427,0.00633393885404043,1140.888,7.03956218553491,0.0851466280279096,940.9,6.84683686401272,0.0602294002137418,0.541776489766244,-0.6129017430998,-0.0192129624628468,48.3208475363654,3.87786309354652,-0.00173911469594756,98.4800833,4.58985432773287,0.015095613255462,0.00494472124070061,0.0160846301535593,0.742829290293851
0.611466938,-0.491894392364828,0.0180521762167431,0.388533062,-0.945377011122275,-0.0277662458873138,2829.479,7.94784787474906,0.00957643792074769,30565938470915.9,31.0509073830411,0.00638372016956623,279.142,2550.337,7.84398078628327,0.00866452397318085,1490.413,7.30680854173994,0.00344591645412429,1559.44675625811,7.35208639391844,0.0267167001899242,990.890243741894,6.89860377516099,-0.019101721914133,572.1295,6.3493653643569,0.0156911426762854,517.013,6.24806801926,0.030817415332872,463.232,6.13822800850122,0.0244860959397517,0.895977470585846,-0.109840010758773,-0.00633131939311973,512.615142257545,6.23952535359813,0.00935982328316598,3.0454352,1.85644716673828,0.103738015848192,89.9985357,4.49979340019791,0.00902856355158388,99.791669,4.60308470287912,0.0273290527094696,95.8994103,4.56329983275683,0.0103182165325579,1163.033,7.05878652700862,0.019224341473711,962.685,6.8697262554846,0.0228893914718764,0.551142721419069,-0.595761480830624,0.0171402622691768,49.6020378894292,3.90403191936728,0.0261688258207609,98.2074859,4.58708244361587,-0.00277188411699836,-0.0170108361769118,-0.0183004891578852,0.751275411480347
0.640449253,-0.44558539107307,0.0463090012917575,0.359550747,-1.0228999518388,-0.0775229407165209,2668.28,7.88918934905514,-0.0586585256939189,29434123516995.4,31.013175781067,-0.0377316019741016,279.789,2388.491,7.77841706476765,-0.0655637215156153,1488.971,7.30584055633585,-0.000967985404094485,1529.70727674722,7.33283167369458,-0.0192547202238575,858.783723252777,6.75551711292886,-0.143086662232136,518.019,6.25001192112348,-0.099353443233416,471.232,6.15535054174625,-0.0927174775137436,413.093,6.02367274920953,-0.114555259291698,0.876623404183077,-0.131677792536727,-0.0218377817779537,454.107579211514,6.11833412858676,-0.12119122501137,1.3496211,1.54865567694728,-0.307791489790994,91.6594334,4.5180798975214,0.0182864973234897,93.1438454,4.53414502293775,-0.068939679941364,93.5165575,4.53813850617834,-0.0251613265784849,996.946,6.90469660600754,-0.154089921001089,869.356,6.76775270765815,-0.101973547826441,0.573293386281508,-0.556357675360562,0.0394038054700612,52.5477469585304,3.96172222216083,0.0576903027935507,92.428762,4.52643820726726,-0.0606442363486055,0.0437783533628784,0.0872261772648527,0.699440088746308
0.627267593,-0.466382046301118,-0.0207966552280484,0.372732407,-0.986894524304932,0.0360054275338636,2779.786,7.93012922530443,0.040939876249281,30364599633747.1,31.0442985600684,0.0311227790013646,282.563,2497.223,7.82293459346073,0.044517528693075,1499.546,7.31291767461084,0.00707711827498514,1566.42706039424,7.35655254715961,0.0237208734650265,930.795939605761,6.8360400691558,0.0805229562269387,545.3469,6.30142210593575,0.051410184812263,501.148,6.2169014666418,0.061550924895549,440.692,6.08834621874467,0.0646734695351432,0.879364978010488,-0.128555247897133,0.00312254463959391,479.558964726588,6.17286685803862,0.0545327294518572,2.0803991,1.69302854032717,0.144372863379884,92.2516984,4.52452069359127,0.00644079606987091,97.4876091,4.57972528377383,0.0455802608360738,95.6991741,4.56120966832763,0.0230711621492832,1140.604,7.03931322564247,0.134616619634933,981.255,6.88883236462504,0.121079656966883,0.563506349191714,-0.573576678144817,-0.0172190027842545,51.9844177721191,3.95094401544645,-0.0107782067143836,95.8893165,4.56319457318107,0.0367563659138028,-0.02250909868679,-0.0391394647662027,0.763317392058238
0.62437838,-0.470998716180558,-0.00461666987943965,0.37562162,-0.979172972069257,0.00772155223567561,2888.869,7.96862035502832,0.0384911297238899,30975131682852.3,31.0642057946971,0.0199072346287075,300.35,2588.519,7.85884117647341,0.0359065830126823,1527.425,7.33133859000398,0.0184209153931452,1616.21529981922,7.38784246029285,0.0312899131332429,972.30370018078,6.87966820440415,0.0436281352483583,585.642,6.37270868138673,0.0712865754509791,548.701,6.30755366655279,0.0906521999109886,486.171,6.186560413867,0.0982141951223303,0.88603993796257,-0.120993252685791,0.0075619952113417,518.902201348275,6.25171542870094,0.0788485706623208,1.5231802,1.58487874993887,-0.108149790388299,93.2392657,4.53516893876117,0.0106482451699019,102.6969915,4.63178282244506,0.0520575386712379,98.1911918,4.58691651479977,0.0257068464721417,1235.998,7.11963401989335,0.0803207942508815,1053.037,6.95943364921847,0.0706012845934278,0.55946299393265,-0.580777894735464,-0.0072012165906471,52.1639187406038,3.95439104402571,0.00344702857925538,98.5908577,4.59097853621439,0.0277839630333219,-0.0263506921990956,-0.0414092935013346,0.792363724350256
0.636687213,-0.451476775402544,0.0195219407780146,0.363312787,-1.01249114356733,-0.0333181714980706,2900.989,7.97280699231828,0.00418663728996727,31224821413772,31.0722344525891,0.00802865789197327,305.714,2595.275,7.86144776301029,0.00260658653688317,1550.177,7.34612439694209,0.0147858069381117,1652.37840671857,7.40997098760775,0.0221285273148979,942.896593281425,6.84895661944297,-0.0307115849611881,584.3089,6.37042978134581,-0.00227890004091957,557.877,6.3241385079755,0.0165848414227074,497.074,6.20873890837327,0.0221784945062753,0.891010025507415,-0.115399599602224,0.0055936530835675,520.62508789321,6.25503018174358,0.00331475304264828,0.0045085,1.21194933703538,-0.372929412903488,94.6335881,4.55001246695231,0.0148435281911441,104.7145963,4.65123851885695,0.0194556964118897,99.9609702,4.604779811802,0.0178632970022363,1271.77,7.14816490994053,0.0285308900471799,1054.108,6.96045019064511,0.00101654142664742,0.569591407178233,-0.562836004710533,0.0179418900249306,53.9024786122043,3.98717646224178,0.0327854182160743,98.0369571,4.58534452084654,-0.00563401536784536,-0.0015923994096541,-0.00461216822074662,0.801753470971451
0.637929846,-0.449526960930957,0.00194981447158621,0.362070154,-1.01591729035219,-0.00342614678486575,2913.412,7.97708018190525,0.00427318958696254,31611788036280,31.0845512060824,0.0123167534933337,310.005,2603.407,7.86457625082032,0.00312848781003172,1555.785,7.34973552038412,0.00361112344202841,1660.79102658532,7.41504928988937,0.00507830228161854,942.615973414678,6.84865896046813,-0.000297658974833581,576.7952,6.3574872641608,-0.0129425171850057,559.5,6.32704352775198,0.00290501977648283,498.245,6.21109192391962,0.00235301554634759,0.890518319928508,-0.115951603832358,-0.000552004230134739,513.646692446828,6.24153566032844,-0.0134945214151418,-0.3911804,1.08665414083211,-0.125295196203272,96.496812,4.5695099715298,0.0194975045774868,103.0181653,4.63490533481558,-0.0163331840413683,99.4030367,4.59918266349769,-0.00559714830431446,1284.546,7.15816062750856,0.00999571756803341,1082.321,6.98686308823584,0.0264128975907285,0.570050177106884,-0.562030892015878,0.000805112694655774,55.0080247708497,4.00747907951392,0.0203026172721432,97.7645742,4.58256228442686,-0.00278223641968012,0.0107360357370536,0.0358306886188554,0.812403806945259
0.635098428,-0.453975287377027,-0.00444832644606957,0.364901572,-1.00812762751942,0.0077896628327756,2978.256,7.99909317328333,0.0220129913780882,32184758346255.1,31.1025141131326,0.0179629070502045,318.815,2659.441,7.88587122931512,0.0212949784947956,1572.128,7.36018539461071,0.0104498742265875,1689.00679845875,7.43189594193809,0.0168466520487254,970.434201541252,6.8777436017957,0.0290846413275707,595.4582,6.38933119321667,0.0318439290558716,586.665,6.37445395845096,0.0474104306989815,525.268,6.26390860853345,0.0528166846138323,0.895345725413993,-0.110545349917508,0.00540625391485026,533.14095403271,6.27878584329917,0.0372501829707232,-0.6890209,0.98076626352793,-0.105887877304178,98.2934374,4.5879572639886,0.0184472924587995,101.492043,4.61998040132019,-0.01492493349539,99.2064418,4.59720294968248,-0.00197971381521,1346.155,7.20500765959256,0.0468470320839955,1124.937,7.02548231307046,0.0386192248346209,0.567112698995233,-0.56719723134524,-0.00516633932936283,55.743456577433,4.02076003264336,0.0132809531294358,99.1333915,4.59646633210962,0.0139040476827592,0.0129452196801807,0.0333722259541893,0.829711079235633
0.637444217,-0.450288508523242,0.00368677885378443,0.362555783,-1.01457693238843,-0.00644930486900841,3030.07,8.01634100054679,0.017247827263458,32845353701172.1,31.1228314110131,0.020317297880446,332.754,2697.316,7.90001248349903,0.0141412541839072,1602.25,7.37916417038434,0.0189787757736282,1719.38848562157,7.44972397497579,0.0178280330376914,977.927514378428,6.8854355511106,0.00769194931489903,605.941,6.40678262159357,0.0174514283769014,605.941,6.40678262159357,0.0323286631426134,541.093,6.2935911679544,0.0296825594209489,0.892979679539757,-0.113191453639171,-0.00264610372166332,541.093,6.2935911679544,0.0148053246552369,-1.2150954,0.761004033688985,-0.219762229838945,100,4.60517018598809,0.0172129219994916,100,4.60517018598809,-0.014810215332103,100,4.60517018598809,0.00796723630561313,1419.545,7.25809167671383,0.0530840171212672,1190.41,7.08205306458118,0.0565707515107157,0.567441836532348,-0.566617025571007,0.000580205774233788,56.7441836532348,4.03855316041708,0.0177931277737251,100,4.60517018598809,0.00870385387846984,0.022777451637716,0.0320231373315949,0.861351387921731
0.6379087,-0.449560109325898,0.000728399197344021,0.3620913,-1.0158588890112,-0.0012819566227702,3097.641,8.03839613304838,0.0220551325015901,33432591937880.4,31.1405523466449,0.0177209356318215,341.442,2756.199,7.92160783562261,0.0215953521235779,1638.621,7.40161031344397,0.0224461430596374,1758.2033210313,7.47204772629671,0.022323751320922,997.9956789687,6.90574894661141,0.0203133955008079,628.9668,6.44407847311345,0.037295851519878,636.421,6.4558602940336,0.049077672440025,567.747,6.34167589695585,0.0480847290014523,0.892093441291221,-0.114184397077744,-0.000992943438572993,561.097157069927,6.32989407603571,0.0363029080813062,-1.0743615,0.824683252605698,0.0636792189167129,101.1770068,4.61687152550468,0.0117013395165886,97.5499209,4.58036425620257,-0.024805929785523,99.2294323,4.59743466685768,-0.00773551913040826,1453.614,7.2818081482959,0.023716471582075,1242.074,7.12453784203898,0.0424847774578003,0.567594282562537,-0.566348406751674,0.0002686188193326,57.4274905864709,4.05052311875301,0.0119699583359223,101.125042,4.61635779070613,0.0111876047180424,0.0170704106551146,0.0365072693021118,0.8702389979988
0.640365113,-0.445716776232941,0.00384333309295726,0.359634887,-1.0226659649614,-0.00680707595020369,3173.998,8.06274727096643,0.0243511379180514,34217026656709.4,31.1637444915675,0.0231921449226569,351.805,2822.193,7.94526952128609,0.0236616856634875,1660.572,7.41491740031037,0.0133070868663951,1807.23393935281,7.49955274505315,0.027505018756445,1014.95906064719,6.92260355632469,0.0168546097132838,644.3577,6.46825400669016,0.024175533576706,665.889,6.50112298998329,0.0452626959496909,592.732,6.38474235755065,0.0430664605947921,0.890136344045329,-0.116380632432643,-0.00219623535489896,573.566207335457,6.35187337425752,0.0219792982218063,-0.7197912,0.969159576430435,0.144476323824737,102.2366637,4.62729035805453,0.0104188325498544,100.0861111,4.60603092644472,0.0256666702421491,100.8822476,4.61395397134503,0.0165193044873444,1524.591,7.32948145634903,0.0476733080531275,1306.475,7.17508794968383,0.0505501076448489,0.569387233184397,-0.563194525913281,0.0031538808383933,58.2122510741466,4.06409583214125,0.0135727133882471,102.4074459,4.62895942382907,0.0126016331229355,-0.00914736575480461,-0.0152478376922957,0.891955823538641
0.647818181,-0.434145206877707,0.0115715693552343,0.352181819,-1.04360770549039,-0.0209417405289865,3222.479,8.07790621811251,0.0151589471460785,34863149324820.5,31.1824514940173,0.0187070024497551,362.694,2859.785,7.95850172616295,0.0132322048768616,1681.722,7.42757354744349,0.0126561471331232,1852.62071675108,7.52435651928525,0.0248037742320957,1007.16428324892,6.91489402067257,-0.00770953565212462,666.5957,6.50218371520777,0.0339297085176105,707.719,6.56204712225562,0.0609241322723255,628.179,6.44282515770147,0.0580828001508253,0.887610760768045,-0.119221964554144,-0.00284133212150046,591.677516401707,6.38296175065363,0.0310883763961103,-1.0954619,0.815390343931736,-0.153769232498699,103.7825082,4.64229744208077,0.0150070840262311,101.9278588,4.62426529638654,0.0182343699418235,101.8320306,4.62332469706302,0.00937072571799291,1557.241,7.35067094469871,0.0211894883496786,1353.615,7.21053407035084,0.0354461206670154,0.574905442906249,-0.553549698827264,0.00964482708601633,59.6651288426424,4.0887477432535,0.0246519111122474,102.7040358,4.63185141314391,0.00289198931483625,-0.0088636442238307,-0.00322728591559221,0.903297120012264
0.656866051,-0.420275161040298,0.0138700458374086,0.343133949,-1.06963438618412,-0.0260266806937386,3240.66,8.0835322917453,0.00562607363278467,NA,NA,NA,375.597,2865.063,7.96034561843587,0.00184389227291515,1707.999,7.44307778886825,0.0155042414247584,1881.96261867621,7.54007045739557,0.0157139381103235,983.100381323787,6.89071123225174,-0.0241827884208243,683.9256,6.52784913977663,0.0256654245688619,746.874,6.61589649620685,0.0538493739512296,661.359,6.49429680890747,0.0514716512059996,0.88550277556857,-0.121599687299373,-0.00237772274522946,605.618017082399,6.40624945247726,0.0232877018236319,-2.3555196,0,-0.815390343931736,106.0203828,4.66363136619264,0.021333924111878,101.8063679,4.62307265520525,-0.00119264118129259,102.6220209,4.6310525383622,0.00772784129918413,1570.869,7.35938424840068,0.00871330370197398,1379.447,7.229437973202,0.0189039028511528,0.580734362344773,-0.543461834349725,0.0100878644775394,61.5696794009068,4.12016953184292,0.0314217885894177,102.2774822,4.62768953338162,-0.00416187976228244,0.0089204824804771,0.0225265652931708,0.910405904969975
0.655919045,-0.421717904665515,-0.00144274362521674,0.344080955,-1.06687831499319,0.00275607119093868,3031.003,8.01664886682967,-0.0668834249156305,NA,NA,NA,350.7557,2680.2473,7.89366434536713,-0.0666812730687436,1567.054,7.35695270251529,-0.0861250863529568,1758.02524937983,7.47194644070161,-0.0681240166939601,922.222050620172,6.82678603037394,-0.0639252018778045,644.4054,6.46832803115598,-0.0595211086206549,717.7619,6.57613789845273,-0.0397585977541191,625.858,6.43912350830798,-0.0551733005994937,0.871957678444621,-0.137014390144749,-0.0154147028453754,561.894236561177,6.33131364101123,-0.0749358114660295,NA,NA,NA,108.2833965,4.68475183200442,0.0211204658117756,99.6219906,4.60138292937684,-0.0216897258284083,102.9678363,4.6344166705315,0.00336413216929632,1380.899,7.23049001532564,-0.128894233075037,1253.059,7.13334304077873,-0.0960949324232638,0.580014354779533,-0.544702426128055,-0.00124059177832969,62.8059243542838,4.14004940587636,0.019879874033446,95.9143721,4.56345583614556,-0.0642336972360606,0.025053857997705,0.0428101916401849,0.869005408440704
0.650952701,-0.429318295327115,-0.00760039066160023,0.349047299,-1.05254783874206,0.0143304762511229,3208.995,8.07371308299085,0.0570642161611836,NA,NA,NA,377.003,2831.992,7.94873562995086,0.0550712845837369,1660.364,7.41479213442131,0.057839431906018,1843.49284161039,7.51941733462375,0.0474708939221369,988.499158389608,6.8961877912088,0.06940176083486,682.5412,6.52582289153751,0.0574948603815333,777.5564,6.6561561816154,0.0800182831626763,680.0105,6.52210823922741,0.0829847309194305,0.874548135672216,-0.134047942387994,0.00296644775675503,596.915133979477,6.39177494914952,0.0604613081382883,NA,NA,NA,110.0340435,4.70078980427503,0.016037972270607,100.0966301,4.60613602041982,0.00475309104297938,103.3326516,4.63795341136996,0.003536740838463,1522.837,7.32833032156016,0.0978403062345157,1360.312,7.21546936418395,0.082126323405217,0.574476694918625,-0.554295748367101,-0.0095933222390463,63.2119936384122,4.14649405590793,0.00644465003156114,100.7567697,4.61270939162155,0.0492535554759872,-0.00121635020451653,0.0112848812276276,0.898458551664929
NA,NA,NA,NA,NA,NA,NA,NA,NA,NA,NA,NA,NA,NA,NA,NA,NA,NA,NA,NA,NA,NA,NA,NA,NA,NA,NA,NA,NA,NA,NA,NA,NA,NA,NA,NA,NA,NA,NA,NA,NA,NA,NA,NA,NA,NA,NA,NA,NA,NA,NA,NA,NA,NA,NA,NA,NA,NA,NA,NA,NA,NA,NA,NA,NA,NA,NA,NA,NA,NA
